Model,Held-out target,Emotion,Precision_mean,Precision_std,Recall_mean,Recall_std,F1_mean,F1_std
Concat Fusion MLP,EMODB,angry,79.38316722037652,0.29334500933838786,98.09523809523809,1.0910894511799605,87.75132275132275,0.5405717751699527
Concat Fusion MLP,EMODB,disgust,80.85041592394533,0.4319210314921066,82.38993710691824,4.458316628540199,81.57993326189045,2.42819512587759
Concat Fusion MLP,EMODB,fear,93.4639054288532,3.289600682147422,59.620596205962066,4.622959921201082,72.65407558557713,2.540477939161606
Concat Fusion MLP,EMODB,happy,85.71452970432313,4.00885604975526,76.55367231638418,3.208422794237441,80.77467444886072,0.8745310270606652
Concat Fusion MLP,EMODB,neutral,76.53956860911732,4.2898950597046,95.59748427672956,1.4410615392942911,84.965648187964,2.6325098967828096
Concat Fusion MLP,EMODB,sad,89.9940078753638,4.471939181324094,86.13333333333333,3.7806525010020824,87.89705994748108,0.6348983190903112
Concat Fusion MLP,RAVDESS,angry,94.07009667111596,1.2243473843397608,98.95833333333333,0.0,96.4495905334913,0.6455667443743904
Concat Fusion MLP,RAVDESS,disgust,85.98252583426786,9.866993526749418,96.875,0.5208333333333428,90.89189252233051,5.480093100531437
Concat Fusion MLP,RAVDESS,fear,95.4217093535979,1.1862248705556613,93.92361111111113,0.30070326520293555,94.66539575534036,0.7353561289599672
Concat Fusion MLP,RAVDESS,happy,95.48303867367618,1.499869148589192,94.96527777777779,0.6014065304058537,95.21650432885117,0.5572263928072749
Concat Fusion MLP,RAVDESS,neutral,92.01409569188009,2.237654082669558,81.94444444444444,8.735934462089674,86.43879306727096,4.175343431462712
Concat Fusion MLP,RAVDESS,sad,97.30598674770329,0.9882430522106566,86.11111111111113,5.991470113450481,91.27127584987296,2.950937872268107
Concat Fusion MLP,RESD,angry,94.38752741850088,4.341986526917078,48.401826484018265,3.9544538985590756,63.93955045182327,3.9857215731874978
Concat Fusion MLP,RESD,disgust,51.760703041721406,5.243073411752979,66.4864864864865,1.4301358438187017,58.06221752741944,2.841862016912606
Concat Fusion MLP,RESD,fear,47.641266555640215,7.211311551755768,76.98056801195814,6.864551571423036,58.33238372265449,3.475801986814249
Concat Fusion MLP,RESD,happy,65.62091252114789,8.50049381587942,55.198776758409785,3.3812453191889813,59.60480987383655,1.6058043772286958
Concat Fusion MLP,RESD,neutral,70.9407359910378,1.4688302071285744,51.83246073298429,2.2821460437385714,59.86088947986863,1.1309320942968526
Concat Fusion MLP,RESD,sad,49.56225496856587,4.077236663205009,45.679012345679006,8.64197530864198,46.974842291123515,3.695837663598184
Sequence-level Cross-Attention,EMODB,angry,77.66733411412092,1.9541739045699695,96.66666666666667,0.4123930494211485,86.1195850080731,1.0556149546129978
Sequence-level Cross-Attention,EMODB,disgust,76.16615104204139,3.7800470894493126,85.84905660377359,0.0,80.68566263218413,2.095227393123005
Sequence-level Cross-Attention,EMODB,fear,94.89573879935325,1.2709467368464449,60.433604336043366,3.2857332392905594,73.80876728449545,2.5293164175776153
Sequence-level Cross-Attention,EMODB,happy,88.3448999105518,1.5544368065283294,76.8361581920904,1.7641237283611284,82.17133760630054,0.7747331000140799
Sequence-level Cross-Attention,EMODB,neutral,84.6134181828071,4.427559150927612,86.79245283018868,3.401463467418848,85.6022098426688,2.210983217713942
Sequence-level Cross-Attention,EMODB,sad,84.11726428816307,1.8004411255690003,90.13333333333333,1.2220201853215658,87.00581287565429,0.6466855029044727
Sequence-level Cross-Attention,RAVDESS,angry,94.5517357418491,1.2234119916991104,99.13194444444444,0.6014065304058537,96.78191457599873,0.35940723556519866
Sequence-level Cross-Attention,RAVDESS,disgust,99.46235523085618,0.0028906050513124223,96.35416666666667,0.5208333333333286,97.88312142662672,0.2701514177672806
Sequence-level Cross-Attention,RAVDESS,fear,97.74074470441171,0.9261160239155114,89.23611111111113,2.621470290024557,93.27237588729774,1.0746612160862976
Sequence-level Cross-Attention,RAVDESS,happy,96.97675130256023,1.9347070297920066,93.57638888888887,0.6014065304058711,95.2351876932433,0.6349530172468658
Sequence-level Cross-Attention,RAVDESS,neutral,86.04024585332996,1.631129009270731,98.26388888888887,0.6014065304058711,91.73984436353253,0.8957395701166708
Sequence-level Cross-Attention,RAVDESS,sad,89.92493549143795,1.215377846374534,92.88194444444446,1.591172116304107,91.37326547479229,1.0575558433531653
Sequence-level Cross-Attention,RESD,angry,89.55834301200156,2.9434946267625652,49.01065449010654,1.3181512995196933,63.3182207452713,0.45381003627923566
Sequence-level Cross-Attention,RESD,disgust,61.57423421345939,3.2295902483755996,54.41441441441441,2.666423168819595,57.68616858619742,1.0836611902111088
Sequence-level Cross-Attention,RESD,fear,43.5503277856219,1.6069158934055037,79.52167414050821,3.6522546256713304,56.22007079573829,0.40518314270278316
Sequence-level Cross-Attention,RESD,happy,65.39170897597087,1.9505953635495936,66.36085626911314,0.700699647546772,65.8659030326491,1.2256444719064932
Sequence-level Cross-Attention,RESD,neutral,61.20575924219684,2.969925726650953,58.987783595113434,4.750665825066734,59.938708379587176,1.7704564252358312
Sequence-level Cross-Attention,RESD,sad,61.133724759976154,5.369776749679528,37.44855967078189,2.167829990298918,46.31519708669242,1.411720341145981
emotion2vec MLP,EMODB,angry,81.33675932966939,3.0383630226210223,95.95238095238096,1.0910894511799607,88.01326414438431,1.555376763961269
emotion2vec MLP,EMODB,disgust,80.0643274853801,2.904043165606348,81.44654088050315,2.723350326366165,80.68800191777538,0.7463517906031018
emotion2vec MLP,EMODB,fear,93.9941387785971,1.8488213807551321,63.143631436314365,1.2418904322373578,75.52416479688402,0.6137049349356513
emotion2vec MLP,EMODB,happy,84.54545454545455,2.6210369533342717,79.66101694915254,3.6939821555429417,81.95900455962375,1.2459203798210052
emotion2vec MLP,EMODB,neutral,82.32436183255855,3.6054976356329913,92.76729559748428,2.3741617720977124,87.17104682358473,1.260279698481107
emotion2vec MLP,EMODB,sad,85.75669944090998,0.6878782848644448,89.86666666666667,0.461880215351699,87.76105791153672,0.1421655929605064
emotion2vec MLP,RAVDESS,angry,95.95275940453605,0.011841260712498304,98.78472222222223,0.30070326520293555,97.34801045855032,0.15222471008889008
emotion2vec MLP,RAVDESS,disgust,99.2802479899254,0.3129235283044723,95.83333333333333,0.5208333333333286,97.52618603193316,0.4076346914310834
emotion2vec MLP,RAVDESS,fear,97.5536764200376,0.35583529965896626,90.10416666666667,1.3779954745128187,93.67890948889355,0.9083712143958576
emotion2vec MLP,RAVDESS,happy,97.30494270136215,0.5173639226718448,93.92361111111113,0.30070326520293555,95.58330296826205,0.14026287657211917
emotion2vec MLP,RAVDESS,neutral,86.58507639816052,2.8390704486098124,97.91666666666667,1.0416666666666714,91.87478044914998,1.2117722059845073
emotion2vec MLP,RAVDESS,sad,88.93498128914514,1.0672206232615071,93.40277777777779,1.9718431756250872,91.10477417403213,1.0741534592360746
emotion2vec MLP,RESD,angry,92.43881387703304,0.6227543990392784,48.24961948249619,2.298275322761265,63.377498516303376,1.857507100072419
emotion2vec MLP,RESD,disgust,62.93104768181888,2.2714926805630227,60.0,2.3561615911030693,61.37938250735497,0.7665804220999329
emotion2vec MLP,RESD,fear,42.22523950116304,0.43252948189666124,84.75336322869956,1.3452914798206272,56.36252174214123,0.2681228329948556
emotion2vec MLP,RESD,happy,67.72022797531754,2.768623664234864,60.091743119266056,0.45871559633027825,63.659329074399466,1.2477717149347516
emotion2vec MLP,RESD,neutral,64.07503391875754,3.4431026057128817,57.76614310645724,1.3175976326825038,60.70010904754583,1.0048941344378841
emotion2vec MLP,RESD,sad,69.27407388804828,1.5685999653016036,39.7119341563786,3.10692775114023,50.40613526113498,2.1595879975625185
